{
  "event_data": {
    "50 m Freestyle": {
      "S1": { "male": { "b": 6.19124, "c": 514.697 }, "female": { "b": 5.576717, "c": 482.231 } },
      "S2": { "male": { "b": 6.19124, "c": 433.57 }, "female": { "b": 5.576717, "c": 428.046 } },
      "S3": { "male": { "b": 6.19124, "c": 335.596 }, "female": { "b": 5.576717, "c": 344.866 } },
      "S4": { "male": { "b": 6.19124, "c": 268.643 }, "female": { "b": 5.576717, "c": 265.725 } },
      "S5": { "male": { "b": 6.19124, "c": 246.456 }, "female": { "b": 5.576717, "c": 261.73 } },
      "S6": { "male": { "b": 6.19124, "c": 228.802 }, "female": { "b": 5.576717, "c": 238.371 } },
      "S7": { "male": { "b": 6.19124, "c": 217.961 }, "female": { "b": 5.576717, "c": 231.668 } },
      "S8": { "male": { "b": 6.19124, "c": 207.838 }, "female": { "b": 5.576717, "c": 219.682 } },
      "S9": { "male": { "b": 6.19124, "c": 199.15 }, "female": { "b": 5.576717, "c": 207.941 } },
      "S10": { "male": { "b": 6.19124, "c": 188.639 }, "female": { "b": 5.576717, "c": 199.524 } },
      "S11": { "male": { "b": 6.19124, "c": 200.412 }, "female": { "b": 5.576717, "c": 209.57 } },
      "S12": { "male": { "b": 6.19124, "c": 183.808 }, "female": { "b": 5.576717, "c": 190.312 } },
      "S13": { "male": { "b": 6.19124, "c": 184.123 }, "female": { "b": 5.576717, "c": 191.802 } }
    },
    "100 m Freestyle": {
      "S1": { "male": { "b": 6.214489, "c": 1089.258 }, "female": { "b": 5.638936, "c": 1060.513 } },
      "S2": { "male": { "b": 6.214489, "c": 953.475 }, "female": { "b": 5.638936, "c": 920.907 } },
      "S3": { "male": { "b": 6.214489, "c": 748.941 }, "female": { "b": 5.638936, "c": 667.731 } },
      "S4": { "male": { "b": 6.214489, "c": 629.354 }, "female": { "b": 5.638936, "c": 593.268 } },
      "S5": { "male": { "b": 6.214489, "c": 544 }, "female": { "b": 5.638936, "c": 562.933 } },
      "S6": { "male": { "b": 6.214489, "c": 507.154 }, "female": { "b": 5.638936, "c": 526.289 } },
      "S7": { "male": { "b": 6.214489, "c": 479.85 }, "female": { "b": 5.638936, "c": 504.515 } },
      "S8": { "male": { "b": 6.214489, "c": 450.444 }, "female": { "b": 5.638936, "c": 481.244 } },
      "S9": { "male": { "b": 6.214489, "c": 432.643 }, "female": { "b": 5.638936, "c": 454.766 } },
      "S10": { "male": { "b": 6.214489, "c": 411.577 }, "female": { "b": 5.638936, "c": 433.293 } },
      "S11": { "male": { "b": 6.214489, "c": 445.851 }, "female": { "b": 5.638936, "c": 465.252 } },
      "S12": { "male": { "b": 6.214489, "c": 402.536 }, "female": { "b": 5.638936, "c": 415.377 } },
      "S13": { "male": { "b": 6.214489, "c": 400.358 }, "female": { "b": 5.638936, "c": 421.095 } },
      "S14": { "male": { "b": 6.214489, "c": 413.869 }, "female": { "b": 5.638936, "c": 428.969 } }
    },
    "200 m Freestyle": {
      "S1": { "male": { "b": 5.852852, "c": 2058.228 }, "female": { "b": 5.56256, "c": 2041.977 } },
      "S2": { "male": { "b": 5.852852, "c": 1801.339 }, "female": { "b": 5.56256, "c": 1973.025 } },
      "S3": { "male": { "b": 5.852852, "c": 1447.071 }, "female": { "b": 5.56256, "c": 1519.13 } },
      "S4": { "male": { "b": 5.852852, "c": 1206.106 }, "female": { "b": 5.56256, "c": 1251.698 } },
      "S5": { "male": { "b": 5.852852, "c": 1127.125 }, "female": { "b": 5.56256, "c": 1194.055 } },
      "S6": { "male": { "b": 5.852852, "c": 1095.492 }, "female": { "b": 5.56256, "c": 1095.385 } },
      "S7": { "male": { "b": 5.852852, "c": 1012.414 }, "female": { "b": 5.56256, "c": 1093.894 } },
      "S8": { "male": { "b": 5.852852, "c": 953.269 }, "female": { "b": 5.56256, "c": 1013.114 } },
      "S9": { "male": { "b": 5.852852, "c": 904.159 }, "female": { "b": 5.56256, "c": 991.329 } },
      "S10": { "male": { "b": 5.852852, "c": 860.355 }, "female": { "b": 5.56256, "c": 922.642 } },
      "S11": { "male": { "b": 5.852852, "c": 948.143 }, "female": { "b": 5.56256, "c": 1011.406 } },
      "S12": { "male": { "b": 5.852852, "c": 887.383 }, "female": { "b": 5.56256, "c": 896.675 } },
      "S13": { "male": { "b": 5.852852, "c": 846.96 }, "female": { "b": 5.56256, "c": 928.892 } },
      "S14": { "male": { "b": 5.852852, "c": 862.195 }, "female": { "b": 5.56256, "c": 920.727 } }
    },
    "400 m Freestyle": {
      "S6": { "male": { "b": 7.024658, "c": 2592.171 }, "female": { "b": 7.181373, "c": 2778.429 } },
      "S7": { "male": { "b": 7.024658, "c": 2411.227 }, "female": { "b": 7.181373, "c": 2705.113 } },
      "S8": { "male": { "b": 7.024658, "c": 2269.922 }, "female": { "b": 7.181373, "c": 2554.645 } },
      "S9": { "male": { "b": 7.024658, "c": 2181.12 }, "female": { "b": 7.181373, "c": 2475.596 } },
      "S10": { "male": { "b": 7.024658, "c": 2088.24 }, "female": { "b": 7.181373, "c": 2374.219 } },
      "S11": { "male": { "b": 7.024658, "c": 2326.383 }, "female": { "b": 7.181373, "c": 2605.012 } },
      "S12": { "male": { "b": 7.024658, "c": 2105.326 }, "female": { "b": 7.181373, "c": 2345.602 } },
      "S13": { "male": { "b": 7.024658, "c": 2067.492 }, "female": { "b": 7.181373, "c": 2313.008 } },
      "S14": { "male": { "b": 7.024658, "c": 2180.492 }, "female": { "b": 7.181373, "c": 2392.422 } }
    },
    "800 m Freestyle": {
      "S6": { "male": { "b": 8.33473, "c": 6121.806 }, "female": { "b": 9.710446, "c": 7127.429 } },
      "S7": { "male": { "b": 8.33473, "c": 5817.327 }, "female": { "b": 9.710446, "c": 7186.769 } },
      "S8": { "male": { "b": 8.33473, "c": 5255.799 }, "female": { "b": 9.710446, "c": 7038.442 } },
      "S9": { "male": { "b": 8.33473, "c": 5155.031 }, "female": { "b": 9.710446, "c": 6419.788 } },
      "S10": { "male": { "b": 8.33473, "c": 5094.4 }, "female": { "b": 9.710446, "c": 6358.44 } },
      "S11": { "male": { "b": 8.33473, "c": 5543.576 }, "female": { "b": 9.710446, "c": 7110.07 } },
      "S12": { "male": { "b": 8.33473, "c": 5491.926 }, "female": { "b": 9.710446, "c": 6265.314 } },
      "S13": { "male": { "b": 8.33473, "c": 5139.254 }, "female": { "b": 9.710446, "c": 6241.559 } },
      "S14": { "male": { "b": 8.33473, "c": 5079.763 }, "female": { "b": 9.710446, "c": 6453.196 } }
    },
    "1500 m Freestyle": {
      "S6": { "male": { "b": 7.711087, "c": 12002.05 }, "female": { "b": 9.178323, "c": 14427.286 } },
      "S7": { "male": { "b": 7.711087, "c": 9965.918 }, "female": { "b": 9.178323, "c": 12838.35 } },
      "S8": { "male": { "b": 7.711087, "c": 10203.33 }, "female": { "b": 9.178323, "c": 13418.87 } },
      "S9": { "male": { "b": 7.711087, "c": 9414.711 }, "female": { "b": 9.178323, "c": 12028.83 } },
      "S10": { "male": { "b": 7.711087, "c": 8726.96 }, "female": { "b": 9.178323, "c": 12491.99 } },
      "S11": { "male": { "b": 7.711087, "c": 10750.668 }, "female": { "b": 9.178323, "c": 14117.415 } },
      "S12": { "male": { "b": 7.711087, "c": 10703.508 }, "female": { "b": 9.178323, "c": 11395.489 } },
      "S13": { "male": { "b": 7.711087, "c": 9275.257 }, "female": { "b": 9.178323, "c": 11626.695 } },
      "S14": { "male": { "b": 7.711087, "c": 9219.269 }, "female": { "b": 9.178323, "c": 11782.05 } }
    },
    "50 m Backstroke": {
      "S1": { "male": { "b": 4.45983, "c": 396.735 }, "female": { "b": 4.470313, "c": 402.313 } },
      "S2": { "male": { "b": 4.45983, "c": 323.435 }, "female": { "b": 4.470313, "c": 357.783 } },
      "S3": { "male": { "b": 4.45983, "c": 277.64 }, "female": { "b": 4.470313, "c": 322.271 } },
      "S4": { "male": { "b": 4.45983, "c": 255.776 }, "female": { "b": 4.470313, "c": 286.651 } },
      "S5": { "male": { "b": 4.45983, "c": 218.616 }, "female": { "b": 4.470313, "c": 261.253 } },
      "S6": { "male": { "b": 4.45983, "c": 213.528 }, "female": { "b": 4.470313, "c": 236.393 } },
      "S7": { "male": { "b": 4.45983, "c": 203.094 }, "female": { "b": 4.470313, "c": 230.911 } },
      "S8": { "male": { "b": 4.45983, "c": 186.72 }, "female": { "b": 4.470313, "c": 221.4 } },
      "S9": { "male": { "b": 4.45983, "c": 180.058 }, "female": { "b": 4.470313, "c": 200.892 } },